id_episode;episode;id_season
C_1_1;An Unearthly Child;C_1
C_1_2;The Daleks;C_1
C_1_3;The Edge of Destruction;C_1
C_1_4;Marco Polo;C_1
C_1_5;The Keys of Marinus;C_1
C_1_6;The Aztecs;C_1
C_1_7;The Sensorites;C_1
C_1_8;The Reign of Terror;C_1
C_2_1;Planet of Giants;C_2
C_2_2;The Dalek Invasion of Earth;C_2
C_2_3;The Rescue;C_2
C_2_4;The Romans;C_2
C_2_5;The Web Planet;C_2
C_2_6;The Crusade;C_2
C_2_7;The Space Museum;C_2
C_2_8;The Chase;C_2
C_2_9;The Time Meddler;C_2
C_3_1;Galaxy 4;C_3
C_3_2;Mission to the Unknown;C_3
C_3_3;The Myth Makers;C_3
C_3_4;The Daleks' Master Plan;C_3
C_3_5;The Massacre;C_3
C_3_6;The Ark;C_3
C_3_7;The Celestial Toymaker;C_3
C_3_8;The Gunfighters;C_3
C_3_9;The Savages;C_3
C_3_10;The War Machines;C_3
C_4_1;The Smugglers;C_4
C_4_2;The Tenth Planet;C_4
C_4_3;The Power of the Daleks;C_4
C_4_4;The Highlanders;C_4
C_4_5;The Underwater Menace;C_4
C_4_6;The Moonbase;C_4
C_4_7;The Macra Terror;C_4
C_4_8;The Faceless Ones;C_4
C_4_9;The Evil of the Daleks;C_4
C_5_1;The Tomb of the Cybermen;C_5
C_5_2;The Abominable Snowmen;C_5
C_5_3;The Ice Warriors;C_5
C_5_4;The Enemy of the World;C_5
C_5_5;The Web of Fear;C_5
C_5_6;Fury from the Deep;C_5
C_5_7;The Wheel in Space;C_5
C_6_1;The Dominators;C_6
C_6_2;The Mind Robber;C_6
C_6_3;The Invasion;C_6
C_6_4;The Krotons;C_6
C_6_5;The Seeds of Death;C_6
C_6_6;The Space Pirates;C_6
C_6_7;The War Games;C_6
C_7_1;Spearhead from Space;C_7
C_7_2;Doctor Who and the Silurians;C_7
C_7_3;The Ambassadors of Death;C_7
C_7_4;Inferno;C_7
C_8_1;Terror of the Autons;C_8
C_8_2;The Mind of Evil;C_8
C_8_3;The Claws of Axos;C_8
C_8_4;Colony in Space;C_8
C_8_5;The Dæmons;C_8
C_9_1;Day of the Daleks;C_9
C_9_2;The Curse of Peladon;C_9
C_9_3;The Sea Devils;C_9
C_9_4;The Mutants;C_9
C_9_5;The Time Monster;C_9
C_10_1;The Three Doctors;C_10
C_10_2;Carnival of Monsters;C_10
C_10_3;Frontier in Space;C_10
C_10_4;Planet of the Daleks;C_10
C_10_5;The Green Death;C_10
C_11_1;The Time Warrior;C_11
C_11_2;Invasion of the Dinosaurs;C_11
C_11_3;Death to the Daleks;C_11
C_11_4;The Monster of Peladon;C_11
C_11_5;Planet of the Spiders;C_11
C_12_1;Robot;C_12
C_12_2;The Ark in Space;C_12
C_12_3;The Sontaran Experiment;C_12
C_12_4;Genesis of the Daleks;C_12
C_12_5;Revenge of the Cybermen;C_12
C_13_1;Terror of the Zygons;C_13
C_13_2;Planet of Evil;C_13
C_13_3;Pyramids of Mars;C_13
C_13_4;The Android Invasion;C_13
C_13_5;The Brain of Morbius;C_13
C_13_6;The Seeds of Doom;C_13
C_14_1;The Masque of Mandragora;C_14
C_14_2;The Hand of Fear;C_14
C_14_3;The Deadly Assassin;C_14
C_14_4;The Face of Evil;C_14
C_14_5;The Robots of Death;C_14
C_14_6;The Talons of Weng-Chiang;C_14
C_15_1;Horror of Fang Rock;C_15
C_15_2;The Invisible Enemy;C_15
C_15_3;Image of the Fendahl;C_15
C_15_4;The Sun Makers;C_15
C_15_5;Underworld;C_15
C_15_6;The Invasion of Time;C_15
C_16_1;The Ribos Operation;C_16
C_16_2;The Pirate Planet;C_16
C_16_3;The Stones of Blood;C_16
C_16_4;The Androids of Tara;C_16
C_16_5;The Power of Kroll;C_16
C_16_6;The Armageddon Factor;C_16
C_17_1;Destiny of the Daleks;C_17
C_17_2;City of Death;C_17
C_17_3;The Creature from the Pit;C_17
C_17_4;Nightmare of Eden;C_17
C_17_5;The Horns of Nimon;C_17
C_17_6;Shada;C_17
C_18_1;The Leisure Hive;C_18
C_18_2;Meglos;C_18
C_18_3;Full Circle;C_18
C_18_4;State of Decay;C_18
C_18_5;Warriors' Gate;C_18
C_18_6;The Keeper of Traken;C_18
C_18_7;Logopolis;C_18
C_19_1;Castrovalva;C_19
C_19_2;Four to Doomsday;C_19
C_19_3;Kinda;C_19
C_19_4;The Visitation;C_19
C_19_5;Black Orchid;C_19
C_19_6;Earthshock;C_19
C_19_7;Time-Flight;C_19
C_20_1;Arc of Infinity;C_20
C_20_2;Snakedance;C_20
C_20_3;Mawdryn Undead;C_20
C_20_4;Terminus;C_20
C_20_5;Enlightenment;C_20
C_20_6;The King's Demons;C_20
C_20_7;The Five Doctors;C_20
C_21_1;Warriors of the Deep;C_21
C_21_2;The Awakening;C_21
C_21_3;Frontios;C_21
C_21_4;Resurrection of the Daleks;C_21
C_21_5;Planet of Fire;C_21
C_21_6;The Caves of Androzani;C_21
C_22_1;Attack of the Cybermen;C_22
C_22_2;Vengeance on Varos;C_22
C_22_3;The Mark of the Rani;C_22
C_22_4;The Two Doctors;C_22
C_22_5;Timelash;C_22
C_22_6;Revelation of the Daleks;C_22
C_23_1;The Mysterious Planet;C_23
C_23_2;Mindwarp;C_23
C_23_3;Terror of the Vervoids;C_23
C_23_4;The Ultimate Foe;C_23
C_24_1;Time and the Rani;C_24
C_24_2;Paradise Towers;C_24
C_24_3;Delta and the Bannermen;C_24
C_24_4;Dragonfire;C_24
C_25_1;Remembrance of the Daleks;C_25
C_25_2;The Happiness Patrol;C_25
C_25_3;Silver Nemesis;C_25
C_25_4;The Greatest Show in the Galaxy;C_25
C_26_1;Battlefield;C_26
C_26_2;Ghost Light;C_26
C_26_3;The Curse of Fenric;C_26
C_26_4;Survival;C_26
C_M_S;Doctor Who: The Movie;C_M
M_1_1;Rose;M_1
M_1_2;The End of the World;M_1
M_1_3;The Unquiet Dead;M_1
M_1_4;Aliens of London (1);M_1
M_1_5;World War Three (2);M_1
M_1_6;Dalek;M_1
M_1_7;The Long Game;M_1
M_1_8;Father's Day;M_1
M_1_9;The Empty Child (1);M_1
M_1_10;The Doctor Dances (2);M_1
M_1_11;Boom Town;M_1
M_1_12;Bad Wolf (1);M_1
M_1_13;The Parting of the Ways (2);M_1
M_2_E1;Born Again;M_2
M_2_S1;The Christmas Invasion;M_2
M_2_E2;Attack of the Graske;M_2
M_2_1;New Earth;M_2
M_2_2;Tooth and Claw;M_2
M_2_3;School Reunion;M_2
M_2_4;The Girl in The Fireplace;M_2
M_2_5;Rise of the Cybermen (1);M_2
M_2_6;The Age of Steel (2);M_2
M_2_7;The Idiot's Lantern;M_2
M_2_8;The Impossible Planet (1);M_2
M_2_9;The Satan Pit (2);M_2
M_2_10;Love & Monsters;M_2
M_2_11;Fear Her;M_2
M_2_12;Army of Ghosts (1);M_2
M_2_13;Doomsday (2);M_2
M_2_S2;The Runaway Bride;M_2
M_3_1;Smith and Jones;M_3
M_3_2;The Shakespeare Code;M_3
M_3_3;Gridlock;M_3
M_3_4;Daleks in Manhattan (1);M_3
M_3_5;Evolution of the Daleks (2);M_3
M_3_E1;The Infinite Quest;M_3
M_3_6;The Lazarus Experiment;M_3
M_3_7;42;M_3
M_3_8;Human Nature (1);M_3
M_3_9;The Family of Blood (2);M_3
M_3_10;Blink;M_3
M_3_11;Utopia (1);M_3
M_3_12;The Sounds of Drums (2);M_3
M_3_13;Last of the Time Lords (3);M_3
M_3_E2;Time Crash;M_3
M_3_S1;Voyage of the Damned;M_3
M_4_1;Partners in Crime;M_4
M_4_2;The Fires of Pompeii;M_4
M_4_3;Planet of the Ood;M_4
M_4_4;The Sontaran Stratagem (1);M_4
M_4_5;The Poison Sky (2);M_4
M_4_6;The Doctor's Daughter;M_4
M_4_7;The Unicorn and the Wasp;M_4
M_4_8;Silence in the Library (1);M_4
M_4_9;Forest of the Dead (2);M_4
M_4_10;Midnight;M_4
M_4_11;Turn Left;M_4
M_4_12;The Stolen Earth (1);M_4
M_4_13;Journey's End (2);M_4
M_4_E1;Music of the Spheres;M_4
M_4_S1;The Next Doctor;M_4
M_4_S2;Planet of the Dead;M_4
M_4_E2;Dreamland;M_4
M_4_S3;The Waters of Mars;M_4
M_4_S4;The End of Time (1);M_4
M_4_S5;The End of Time (2);M_4
M_5_1;The Eleventh Hour;M_5
M_5_E1;Meanwhile in the TARDIS (1);M_5
M_5_2;The Beast Below;M_5
M_5_3;Victory of the Daleks;M_5
M_5_4;The Time of Angels (1);M_5
M_5_5;Flesh and Stone (2);M_5
M_5_E2;Meanwhile in the TARDIS (2);M_5
M_5_6;The Vampires of Venice;M_5
M_5_7;Amy's Choice;M_5
M_5_8;The Hungry Earth (1);M_5
M_5_9;Cold Blood (2);M_5
M_5_10;Vincent and the Doctor;M_5
M_5_11;The Lodger;M_5
M_5_12;The Pandorica Opens (1);M_5
M_5_13;The Big Bang (2);M_5
M_5_E3;Bad Night;M_5
M_5_E4;Good Night;M_5
M_5_S1;A Christmas Carol;M_5
M_5_E5;Space (1);M_5
M_5_E6;Time (2);M_5
M_6_1;The Impossible Astronaut (1);M_6
M_6_2;Day of the Moon (2);M_6
M_6_3;The Curse of the Black Spot;M_6
M_6_4;The Doctor's Wife;M_6
M_6_5;The Rebel Flesh (1);M_6
M_6_6;The Almost People (2);M_6
M_6_7;A Good Man Goes to War;M_6
M_6_E1;A Good Man Goes to War, two days later;M_6
M_6_8;Let's Kill Hitler;M_6
M_6_9;Night Terrors;M_6
M_6_10;The Girl Who Waited;M_6
M_6_11;The God Complex;M_6
M_6_E2;Up All Night;M_6
M_6_12;Closing Time;M_6
M_6_13;The Wedding of River Song;M_6
M_6_E3;Death Is the Only Answer;M_6
M_6_E4;First Night;M_6
M_6_E5;Last Night;M_6
M_6_S1;The Doctor, the Widow and the Wardrobe;M_6
M_6_E6;Good as Gold;M_6
M_7_E1;Pond's Life;M_7
M_7_1;Asylum of the Daleks;M_7
M_7_E2;The Inforarium;M_7
M_7_2;Dinosaurs on a Spaceship;M_7
M_7_3;A Town Called Mercy;M_7
M_7_4;The Power of Three;M_7
M_7_5;The Angels Take Manhattan;M_7
M_7_E3;P.S.;M_7
M_7_E4;The Great Detective;M_7
M_7_E5;Vastra Investigates;M_7
M_7_S1;The Snowmen;M_7
M_7_6;The Bells of Saint John;M_7
M_7_7;The Rings of Akhaten;M_7
M_7_8;Cold War;M_7
M_7_9;Hide;M_7
M_7_10;Journey to the Center of the TARDIS;M_7
M_7_E6;Clara and the TARDIS;M_7
M_7_E7;Rain Gods;M_7
M_7_11;The Crimson Horror;M_7
M_7_12;Nightmare in Silver;M_7
M_7_E8;She Sais, He Said;M_7
M_7_E9;Clarence and the Whispermen;M_7
M_7_13;The Name of the Doctor;M_7
M_50_E1;The Night of the Doctor;M_50
M_50_E2;The Last Day;M_50
M_50_S1;The Day of the Doctor;M_50
M_50_S2;The Time of the Doctor;M_50
M_8_1;Deep Breath;M_8
M_8_2;Into the Dalek;M_8
M_8_3;Robot of Sherwood;M_8
M_8_4;Listen;M_8
M_8_5;Time Heist;M_8
M_8_6;The Caretaker;M_8
M_8_7;Kill the Moon;M_8
M_8_8;Mummy on the Orient Express;M_8
M_8_9;Flatline;M_8
M_8_10;In the Forest of the Night;M_8
M_8_11;Dark Water;M_8
M_8_12;Death in Heaven;M_8
M_8_S1;Last Christmas;M_8
M_9_1;The Magician's Apprentice;M_9
M_9_2;The Witch's Familiar;M_9
M_9_3;Under the Lake;M_9
M_9_4;Before the Flood;M_9
M_9_5;The Girl Who Died;M_9
M_9_6;The Woman Who Lived;M_9
M_9_7;The Zygon Invasion;M_9
M_9_8;The Zygon Inversion;M_9
M_9_9;Sleep No More;M_9
M_9_10;Face the Raven;M_9
M_9_11;Heaven Sent;M_9
M_9_12;Hell Bent;M_9
M_9_S1;The Husbands of River Song;M_9
M_9_S2;The Return of Doctor Mysterio;M_9
M_10_1;The Pilot;M_10
M_10_2;Smile;M_10
M_10_3;Thin Ice;M_10
M_10_4;Knock Knock;M_10
M_10_5;Oxygen;M_10
M_10_6;Extremis;M_10
M_10_7;The Pyramid at the End of the World;M_10
M_10_8;The Lie of the Land;M_10
M_10_9;Empress of Mars;M_10
M_10_10;The Eaters of Light;M_10
M_10_11;World Enough and Time;M_10
M_10_12;The Doctor Falls;M_10
M_10_S1;Twice Upon a Time;M_10
M_11_1;The Woman Who Fell to Earth;M_11
M_11_2;The Ghost Monument;M_11
M_11_3;Rosa;M_11
M_11_4;Arachnids in the UK;M_11
M_11_5;The Tsuranga Conundrum;M_11
M_11_6;Demons of the Punjab;M_11
M_11_7;Kerblam!;M_11
M_11_8;The Witchfinders;M_11
M_11_9;It Takes You Away;M_11
M_11_10;The Battle of Ranskoor Av Kolos;M_11
M_11_S1;Resolution;M_11
M_12_1;Spyfall, Part 1;M_12
M_12_2;Spyfall, Part 2;M_12
M_12_3;Orphan 55;M_12
M_12_4;Nikola Tesla's Night of Terror;M_12
M_12_5;Fugitive of the Judoon;M_12
M_12_6;Praxeus;M_12
M_12_7;Can You Hear Me?;M_12
M_12_8;The Haunting of Villa Diodati;M_12
M_12_9;Ascension of the Cybermen;M_12
M_12_10;The Timeless Children;M_12
M_12_S1;Revolution of the Daleks;M_12
M_13_1;The Halloween Apocalypse (1);M_13
M_13_2;War of the Sontarans (2);M_13
M_13_3;Once, Upon Time (3);M_13
M_13_4;Village of the Angels (4);M_13
M_13_5;Survivors of the Flux (5);M_13
M_13_6;The Vanquishers (6);M_13
M_13_S1;Eve of the Daleks;M_13
M_13_S2;Legend of the Sea Devils;M_13
M_13_S3;The Power of the Doctor;M_13
M_60_S1;The Star Beast;M_60
M_60_S2;Wild Blue Yonder;M_60
M_60_S3;The Giggle;M_60
M_14_S1;TBA;M_14
M_14_1;TBA;M_14
M_14_2;TBA;M_14
AW_1_1;The Innocent;AW_1
AW_1_2;The Thousand Worlds;AW_1
AW_1_3;The Heart of the Battle;AW_1
AW_2_1;Legion of the Lost;AW_2
AW_2_2;A Thing of Guile;AW_2
AW_2_3;The Neverwhen;AW_2
AW_3_1;The Shadow Vortex;AW_3
AW_3_2;The Eternity Cage;AW_3
AW_3_3;Eye of Harmony;AW_3
AW_4_1;Pretty Lies;AW_4
AW_4_2;The Lady of Obsidian;AW_4
AW_4_3;The Enigma Dimension;AW_4
AWB_1_1;Light the Flame;AWB_1
AWB_1_2;Lion Hearts;AWB_1
AWB_1_3;The Shadow Squad;AWB_1
AWB_2_1;Consequences;AWB_2
AWB_2_2;Destroyer;AWB_2
AWB_2_3;Saviour;AWB_2
AWB_3_1;The Keeper of Light;AWB_3
AWB_3_2;Temmosus;AWB_3
AWB_3_3;Rewind;AWB_3
AWB_4_1;The Mission;AWB_4
AWB_4_2;The Abyss;AWB_4
AWB_4_3;The Horror;AWB_4
AWB_5_1;A Mother's Love;AWB_5
AWB_5_2;Berserker;AWB_5
AWB_5_3;Memnos;AWB_5
AWB_6_1;TBA;AWB_6
AWB_6_2;TBA;AWB_6
AWB_6_3;TBA;AWB_6
A9_11_1;Sphere of Freedom;A9_11
A9_11_2;Cataclysm;A9_11
A9_11_3;Food Fight;A9_11
A9_12_1;Girl, Deconstructed;A9_12
A9_12_2;Fright Motif;A9_12
A9_12_3;Planet of the End;A9_12
A9_13_1;The Hunting Season;A9_13
A9_13_2;The Curse of Lady Macbeth;A9_13
A9_13_3;Monsters in Metropolis;A9_13
A9_14_1;Fond Farewell;A9_14
A9_14_2;Way of the Burryman;A9_14
A9_14_3;The Forth Generation;A9_14
A9_21_1;Station to Station;A9_21
A9_21_2;The False Dimitry;A9_21
A9_21_3;Auld Lang Syne;A9_21
A9_22_1;Salvation Nine;A9_22
A9_22_2;Last of the Zetecene;A9_22
A9_22_3;Break the Ice;A9_22
A9_23_1;The Seas of Titan;A9_23
A9_23_2;Lay Down Your Arms;A9_23
A9_23_3;Flatpack;A9_23
A9_24_1;The Colour of Terror;A9_24
A9_24_2;The Blooming Menace;A9_24
A9_24_3;Red Darkness;A9_24
A9_31_1;The Green Gift;A9_31
A9_31_2;Northern Lights;A9_31
A9_31_3;The Beautiful Game;A9_31
A9_32_1;Below There;A9_32
A9_32_2;The Butler Did It;A9_32
A9_32_3;Run;A9_32
A9_33_1;TBA;A9_33
A9_33_2;TBA;A9_33
A9_33_3;TBA;A9_33
A9_34_1;TBA;A9_34
A9_34_2;TBA;A9_34
A9_34_3;TBA;A9_34
A9_C_1;The Bleeding Heart;A9_C
A9_C_2;The Window on the Moor;A9_C
A9_C_3;The Other Side;A9_C
A9_C_4;Retail Therapy;A9_C
A10_1_1;Technophobia;A10_1
A10_1_2;Time Reaver;A10_1
A10_1_3;Death and the Queen;A10_1
A10_2_1;Infamy of the Zaross;A10_2
A10_2_2;The Sword of the Chevalier;A10_2
A10_2_3;Cold Vengeance;A10_2
A10_3_1;No Place;A10_3
A10_3_2;One Mile Down;A10_3
A10_3_3;The Creeping Death;A10_3
A10_DU_11;Buying Time;A10_DU
A10_DU_12;The Wrong Woman;A10_DU
A10_DU_13;The House of Kingdom;A10_DU
A10_DU_21;Cycle of Destruction;A10_DU
A10_DU_22;The Trojan Dalek;A10_DU
A10_DU_23;The Lost;A10_DU
A10_DU_31;The First Son;A10_DU
A10_DU_32;The Dalek Defence;A10_DU
A10_DU_33;The Triumph of Davros;A10_DU
A10_OT_1;Out of Time;A10_OT
A10_OT_2;The Gates of Hell;A10_OT
A10_OT_3;Wink;A10_OT
A10_RS_1;Expiry Dating;A10_RS
A10_RS_2;Precious Annihilation;A10_RS
A10_RS_3;Ghosts;A10_RS
A10_CC_1;Splinters;A10_CC
A10_CC_2;The Stuntman;A10_CC
A10_CC_3;Quantum of Axos;A10_CC
A10_C_1;The Taste of Death;A10_C
A10_C_2;Backtrack;A10_C
A10_C_3;Wild Pastures;A10_C
A10_C_4;Last Chance;A10_C
A10_C_5;Defender of the Earth;A10_C
A10_T_1;Pest Control;A10_T
A10_T_2;The Forever Trap;A10_T
A10_T_3;The Nemonite Invasion;A10_T
A10_T_4;The Rising Night;A10_T
A10_T_5;The Day of the Troll;A10_T
A10_T_6;The Last Voyage;A10_T
A10_T_7;Dead Air;A10_T
A11_1_1;The Calendar Man;A11_1
A11_1_2;The Top of the Tree;A11_1
A11_1_3;The Light Keepers;A11_1
A11_1_4;False Coronets;A11_1
A11_2_1;The Evolving Dead;A11_2
A11_2_2;The Day Before They Came;A11_2
A11_2_3;The Melting Pot;A11_2
A11_2_4;A Tragical History;A11_2
A11_3_1;The Inheritance;A11_3
A11_3_2;The House of Masks;A11_3
A11_3_3;The End;A11_3
A11_4_1;All of Time and Space;A11_4
A11_4_2;The Yearn;A11_4
A11_4_3;Curiosity Shop;A11_4
A11_5_1;Spirit of the Season;A11_5
A11_5_2;All’s Fair;A11_5
A11_5_3;Sins of the Flesh;A11_5
A11_6_1;TBA;A11_6
A11_6_2;TBA;A11_6
A11_6_3;TBA;A11_6
A12_1_1;The Charge of the Night Brigade;A12_1
A12_1_2;War Wounds;A12_1
A12_1_3;Distant Voices;A12_1
A12_1_4;Field Trip;A12_1
A12_2_1;Flight to Calandra;A12_2
A12_2_2;Split Second;A12_2
A12_2_3;The Weight of History;A12_2
A50_1_1;Hunters of Earth;A50_1
A50_1_2;Shadow of Death;A50_1
A50_1_3;Vengeance of the Stones;A50_1
A50_1_4;Babblesphere;A50_1
A50_1_5;Smoke and Mirrors;A50_1
A50_1_6;Trouble in Paradise;A50_1
A50_1_7;Shockwave;A50_1
A50_1_8;Enemy Aliens;A50_1
A50_1_9;Night of the Whisper;A50_1
A50_1_10;Death's Deal;A50_1
A50_1_11;The Time Machine;A50_1
A60_1_1;Past Lives;A60_1
A60_1_2;The Artist at the End of Time;A60_1
A60_1_3;A Genius for War;A60_1
A60_1_4;Two's Company;A60_1
A60_1_5;The Martian Invasion of Planetoid 50;A60_1
A60_1_6;Time Lord Immemorial;A60_1
A60_1_7;The Union;A60_1
A60_1_8;Coda - The Final Act;A60_1
DWM_9_1;The Love Invasion;DWM_9
DWM_9_2;Art Attack!;DWM_9
DWM_9_3;The Cruel Sea;DWM_9
DWM_9_4;A Groatsworth of Wit;DWM_9
DWM_10_1;The Betrothal of Sontar;DWM_10
DWM_10_2;The Lodger;DWM_10
DWM_10_3;F.A.Q.;DWM_10
DWM_10_4;The Futurists;DWM_10
DWM_10_5;Interstellar Overdrive;DWM_10
DWM_10_6;The Green-Eyed Monster;DWM_10
DWM_10_7;The Warkeeper's Crown;DWM_10
DWM_10_8;The Woman Who Sold the World;DWM_10
DWM_10_9;Bus Stop!;DWM_10
DWM_10_10;The First;DWM_10
DWM_10_11;Death to the Doctor!;DWM_10
DWM_10_12;Universal Monsters;DWM_10
DWM_10_13;Hotel Historia;DWM_10
DWM_10_14;The Widow's Curse;DWM_10
DWM_10_15;The Time of My Life;DWM_10
DWM_10_16;Thinktwice;DWM_10
DWM_10_17;The Stockbridge Child;DWM_10
DWM_10_18;Mortal Beloved;DWM_10
DWM_10_19;The Age of Ice;DWM_10
DWM_10_20;The Deep Hereafter;DWM_10
DWM_10_21;Onomatopoeia;DWM_10
DWM_10_22;Ghosts of the Northern Line;DWM_10
DWM_10_23;The Crimson Hand;DWM_10
DWM_11_1;Supernature;DWM_11
DWM_11_2;Planet Bollywood;DWM_11
DWM_11_3;The Golden Ones;DWM_11
DWM_11_4;The Professor, the Queen and the Bookshop;DWM_11
DWM_11_5;The Screams of Death;DWM_11
DWM_11_6;Do Not Go Gentle Into That Good Night;DWM_11
DWM_11_7;Forever Dreaming;DWM_11
DWM_11_8;Apotheosis;DWM_11
DWM_11_9;The Child of Time;DWM_11
DWM_11_10;The Chains of Olympus;DWM_11
DWM_11_11;Sticks & Stones;DWM_11
DWM_11_12;The Cornucopia Caper;DWM_11
DWM_11_13;The Broken Man;DWM_11
DWM_11_14;Imaginary Enemies;DWM_11
DWM_11_15;Hunters of the Burning Stone;DWM_11
DWM_11_16;A Wing and a Prayer;DWM_11
DWM_11_17;Welcome to Tickle Town;DWM_11
DWM_11_18;John Smith and the Common Men;DWM_11
DWM_11_19;Pay the Piper;DWM_11
DWM_11_20;The Blood of Azrael;DWM_11
DWM_12_1;The Crystal Throne;DWM_12
DWM_12_2;The Eye of Torment;DWM_12
DWM_12_3;The Instruments of War;DWM_12
DWM_12_4;Space Invaders!;DWM_12
DWM_12_5;Blood and Ice;DWM_12
DWM_12_6;Spirits of the Jungle;DWM_12
DWM_12_7;The Highgate Horror;DWM_12
DWM_12_8;The Dragon Lord;DWM_12
DWM_12_9;Theatre of the Mind;DWM_12
DWM_12_10;Witch Hunt;DWM_12
DWM_12_11;The Stockbridge Showdown;DWM_12
DWM_12_12;The Pestilent Heart;DWM_12
DWM_12_13;Moving In;DWM_12
DWM_12_14;Bloodsport;DWM_12
DWM_12_15;Be Forgot;DWM_12
DWM_12_16;Doorway to Hell;DWM_12
DWM_12_17;The Soul Garden;DWM_12
DWM_12_18;The Parliament of Fear;DWM_12
DWM_12_19;Matildus;DWM_12
DWM_12_20;The Phantom Piper;DWM_12
DWM_12_21;The Clockwise War;DWM_12
DWM_13_1;The Warmonger;DWM_13
DWM_13_2;Herald of Madness;DWM_13
DWM_13_3;The Power of the Mobox;DWM_13
DWM_13_4;Mistress of Chaos;DWM_13
DWM_13_5;The Piggybackers;DWM_13
DWM_13_6;Monstrous Beauty;DWM_13
DWM_13_7;The White Dragon;DWM_13
DWM_13_8;The Forest Bride;DWM_13
DWM_13_9;It's Behind You!;DWM_13
DWM_13_10;Hydra's Gate;DWM_13
DWM_13_11;Dr. Who & the Mechonoids;DWM_13
DWM_13_12;Fear of the Future;DWM_13
DWM_13_13;The Everlasting Summer;DWM_13
DWM_14_1;Liberation of the Daleks;DWM_14
T_C_3;The Heralds of Destruction;T_C
T_C_4;Gaze of the Medusa;T_C
T_C_7;Operation Volcano;T_C
T_C_8;A Matter of Live and Death;T_C
T_9_1;Weapons of Past Destruction;T_9
T_9_2;Doctormania;T_9
T_9_3;Official Secrets;T_9
T_9_4;Sin-Eaters;T_9
T_101_1;Revolutions of Terror;T_101
T_101_2;The Weeping Angels of Mons;T_101
T_101_3;The Fountains of Forever;T_101
T_102_1;The Endless Song;T_102
T_102_2;Arena of Fear;T_102
T_102_3;Sins of the Father;T_102
T_102_4;War of Gods;T_102
T_103_1;Breakfast at Tyranny's;T_103
T_103_2;Vortex Butterflies;T_103
T_103_3;The Good Companion;T_103
T_111_1;After Life;T_111
T_111_2;Serve You;T_111
T_111_3;Conversion;T_111
T_112_1;The Then and the Now;T_112
T_112_2;The One;T_112
T_112_3;The Malignant Truth;T_112
T_113_1;Growth;T_113
T_113_2;Roots;T_113
T_113_3;Branches;T_113
T_121_1;Terrorformer;T_121
T_121_2;Fractures;T_121
T_121_3;Hyperion;T_121
T_122_1;The School of Death;T_122
T_122_2;The Twist;T_122
T_122_3;Sonic Boom;T_122
T_123_1;The Terror Beneath;T_123
T_123_2;The Wolves of Winter;T_123
T_123_3;A Confusion of Angels;T_123
T_131_1;A New Beginning;T_131
T_131_2;Hidden Human History;T_131
T_131_3;Old Friends;T_131
T_131_4;Time Out of Mind;T_131
T_132_1;A Little Help from My Friends;T_132
T_E_1;Four Doctors;T_E
T_E_2;Supremacy of the Cybermen;T_E
T_E_3;The Lost Dimension: Book 1;T_E
T_E_4;The Lost Dimension: Book 2;T_E
T_E_5;Ghosts Stories;T_E
T_E_6;The Road to the Thirteenth Doctor;T_E
T_E_7;The Many Lives of Doctor Who;T_E
T_E_8;Alternating Current;T_E
T_E_9;Missy: The Master Plan;T_E
T_E_10;Empire of the Wolf;T_E
T_E_11;Origins;T_E
N_9_1;The Clockwise Man;N_9
N_9_2;The Monsters Inside;N_9
N_9_3;Winner Takes All;N_9
N_9_4;The Deviant Strain;N_9
N_9_5;Only Human;N_9
N_9_6;The Stealers of Dreams;N_9
N_10_1;The Stone Rose;N_10
N_10_2;The Feast of the Drowned;N_10
N_10_3;The Resurrection Casket;N_10
N_10_4;The Nightmare of Black Island;N_10
N_10_5;The Art of Destruction;N_10
N_10_6;The Price of Paradise;N_10
N_10_7;Sting of the Zygons;N_10
N_10_8;The Last Dodo;N_10
N_10_9;Wooden Heart;N_10
N_10_10;Forever Autumn;N_10
N_10_11;Sick Building;N_10
N_10_12;Wetworld;N_10
N_10_13;Wishing Well;N_10
N_10_14;The Pirate Loop;N_10
N_10_15;Peacemaker;N_10
N_10_16;Martha in the Mirror;N_10
N_10_17;Snowglobe 7;N_10
N_10_18;The Many Hands;N_10
N_10_19;Ghosts of India;N_10
N_10_20;The Doctor Trap;N_10
N_10_21;Shining Darkness;N_10
N_10_22;The Story of Martha;N_10
N_10_23;Beautiful Chaos;N_10
N_10_24;The Eyeless;N_10
N_10_25;Judgement of the Judoon;N_10
N_10_26;The Slitheen Excursion;N_10
N_10_27;Prisoner of the Daleks;N_10
N_10_28;The Taking of Chelsea 426;N_10
N_10_29;Autonomy;N_10
N_10_30;The Krillitane Storm;N_10
N_10_31;In the Blood;N_10
N_11_1;Apollo 23;N_11
N_11_2;Night of the Humans;N_11
N_11_3;The Forgotten Army;N_11
N_11_4;Nuclear Time;N_11
N_11_5;The King's Dragon;N_11
N_11_6;The Glamour Chase;N_11
N_11_7;The Coming of the Terraphiles;N_11
N_11_8;Dead of Winter;N_11
N_11_9;The Way Through the Woods;N_11
N_11_10;Hunter's Moon;N_11
N_11_11;Touched by an Angel;N_11
N_11_12;Paradox Lost;N_11
N_11_13;Borrowed Time;N_11
N_11_14;The Silent Stars Go By;N_11
N_11_15;Dark Horizons;N_11
N_11_16;Plague of the Cybermen;N_11
N_11_17;The Dalek Generation;N_11
N_11_18;Shroud of Sorrow;N_11
N_12_1;The Blood Cell;N_12
N_12_2;Silhouette;N_12
N_12_3;The Crawling Terror;N_12
N_12_4;Royal Blood;N_12
N_12_5;Big Bang Generation;N_12
N_12_6;Deep Time;N_12
N_12_7;The Shining Man;N_12
N_12_8;Diamond Dogs;N_12
N_12_9;Plague City;N_12
N_13_1;The Good Doctor;N_13
N_13_2;The Secret In Vault 13;N_13
N_13_3;Molten Heart;N_13
N_13_4;Combat Magicks;N_13
N_13_5;At Childhood's End;N_13
N_13_6;The Maze of Doom;N_13
N_O_1;Engines of War;N_O
N_O_2;The Ruby's Curse;N_O
N_O_3;The Wonderful Doctor of Oz;N_O
N_O_4;Legends of Camelot;N_O
N_O_5;The Return of Robin Hood;N_O
N_O_6;Ten Days of Christmas;N_O
N_DD_1;The Spaceship Graveyard;N_DD
N_DD_2;Alien Arena;N_DD
N_DD_3;The Time Crocodile;N_DD
N_DD_4;The Corinthian Project;N_DD
N_DD_5;The Crystal Snare;N_DD
N_DD_6;War of the Robots;N_DD
N_DD_7;Dark Planet;N_DD
N_DD_8;The Haunted Wagon Train;N_DD
N_DD_9;Lost Luggage;N_DD
N_DD_10;Second Skin;N_DD
N_DD_11;The Dragon King;N_DD
N_DD_12;The Horror of Howling Hill;N_DD
N_DD_13;Claws of the Macra;N_DD
N_DD_14;The Coldest War;N_DD
N_DD_15;Judoon Monsoon;N_DD
N_DD_16;Empire of the Wolf;N_DD
N_CF_1;Night of the Kraken;N_CF
N_CF_2;Terror Moon;N_CF
N_DL_1;The Dust of Ages;N_DL
N_DL_2;The Graves of Mordane;N_DL
N_DL_3;The Colour of Darkness;N_DL
N_DL_4;The Depths of Despair;N_DL
N_DL_5;The Vampire of Paris;N_DL
N_DL_6;The Game of Death;N_DL
N_DL_7;The Planet of Oblivion;N_DL
N_DL_8;The Picture of Emptiness;N_DL
N_DL_9;The Art of War;N_DL
N_DL_10;The End of Time;N_DL
N_Q_1;I am a Dalek;N_Q
N_Q_2;Made of Steel;N_Q
N_Q_3;Revenge of the Judoon;N_Q
N_Q_4;The Sontaran Games;N_Q
N_Q_5;Code of the Krillitanes;N_Q
N_Q_6;Magic of the Angels;N_Q
N_Q_7;The Silurian Gift;N_Q
N_B_11;Heart of Stone;N_B
N_B_12;Death Riders;N_B
N_B_21;The Good, the Bad and the Alien;N_B
N_B_22;System Wipe;N_B
N_B_31;The Underwater War;N_B
N_B_32;Rain of Terror;N_B
N_B_41;Web in Space;N_B
N_B_42;Terminal of Despair;N_B
N_B_51;Horror of the Space Snakes;N_B
N_B_52;Terrible Lizards;N_B
N_B_61;Extra Time;N_B
N_B_62;The Water Thief;N_B
N_A_0;Summer Falls and Other Stories;N_A
N_A_1;Tales of Trenzalore;N_A
N_A_2;The Shakespeare Notebooks;N_A
N_A_3;The Dangerous Book of Monsters;N_A
N_A_4;How to be a Time Lord;N_A
N_A_5;A History of Humankind;N_A
N_A_6;12 Doctors, 12 Stories;N_A
N_A_7;Time Trips;N_A
N_A_8;The Scientific Secrets of Doctor Who;N_A
N_A_9;The Time Lord Letters;N_A
N_A_10;Time Lord Fairy Tales;N_A
N_A_11;The Legends of Ashildr;N_A
N_A_12;The Legends of River Song;N_A
N_A_13;Twelve Doctors of Christmas;N_A
N_A_14;The American Adventures;N_A
N_A_15;Myths & Legends;N_A
N_A_16;Tales of Terror;N_A
N_A_17;The Companion's Companion;N_A
N_A_18;The Missy Chronicles;N_A
N_A_19;Twelve Angels Weeping;N_A
N_A_20;The Day She Saved the Doctor;N_A
N_A_21;Thirteen Doctors, 13 Stories;N_A
N_A_22;The Target Storybook;N_A
N_A_23;Star Tales;N_A
N_A_24;The Wintertime Paradox;N_A
N_A_25;Adventures in Lockdown;N_A
N_A_26;I Am The Master;N_A
N_A_27;Origin Stories;N_A
N_A_28;Whotopia;N_A
N_S_1;Imaginary Friends: A 1960s Story;N_S
N_S_2;The Cradle: A 1970s Story;N_S
N_S_3;The Self-Made Man: A 1980s Story;N_S
N_S_4;Wannabes: A 1990s Story;N_S
N_S_5;The Monster in the Cupboard: A 2000s Story;N_S
N_S_6;The Angel of Redemption: A 2010s Story;N_S
TW_1_1;Everything Changes;TW_1
TW_1_2;Day One;TW_1
TW_1_3;Ghost Machine;TW_1
TW_1_4;Cyberwoman;TW_1
TW_1_5;Small Worlds;TW_1
TW_1_6;Countrycide;TW_1
TW_1_7;Greeks Bearing Gifts;TW_1
TW_1_8;They Keep Killing Suzie;TW_1
TW_1_9;Random Shoes;TW_1
TW_1_10;Out of Time;TW_1
TW_1_11;Combat;TW_1
TW_1_12;Captain Jack Harkness;TW_1
TW_1_13;End of Days;TW_1
TW_2_1;Kiss Kiss, Bang Bang;TW_2
TW_2_2;Sleeper;TW_2
TW_2_3;To the Last Man;TW_2
TW_2_4;Meat;TW_2
TW_2_5;Adam;TW_2
TW_2_6;Reset;TW_2
TW_2_7;Dead Man Walking;TW_2
TW_2_8;A Day in the Death;TW_2
TW_2_9;Something Borrowed;TW_2
TW_2_10;From Out of the Rain;TW_2
TW_2_11;Adrift;TW_2
TW_2_12;Fragments;TW_2
TW_2_13;Exit Wounds;TW_2
TW_3_1;Day One;TW_3
TW_3_2;Day Two;TW_3
TW_3_3;Day Three;TW_3
TW_3_4;Day Four;TW_3
TW_3_5;Day Five;TW_3
TW_4_1;The New World;TW_4
TW_4_2;Rendition;TW_4
TW_4_3;Dead of Night;TW_4
TW_4_4;Escape to L.A.;TW_4
TW_4_5;The Categories of Life;TW_4
TW_4_6;The Middle Men;TW_4
TW_4_7;Immortal Sins;TW_4
TW_4_8;End of the Road;TW_4
TW_4_9;The Gathering;TW_4
TW_4_10;The Blood Line;TW_4
SJA_1_S;Invasion of the Bane;SJA_1
SJA_1_1;Revenge of the Slitheen;SJA_1
SJA_1_2;Eye of the Gorgon;SJA_1
SJA_1_3;Warriors of Kudlak;SJA_1
SJA_1_4;Whatever Happened to Sarah Jane?;SJA_1
SJA_1_5;The Lost Boy;SJA_1
SJA_2_1;The Last Sontaran;SJA_2
SJA_2_2;The Day of the Clown;SJA_2
SJA_2_3;Secrets of the Stars;SJA_2
SJA_2_4;The Mark of the Berserker;SJA_2
SJA_2_5;The Temptation of Sarah Jane Smith;SJA_2
SJA_2_6;Enemy of the Bane;SJA_2
SJA_2_E;From Raxacoricofallapatorius with Love;SJA_2
SJA_3_1;Prisoner of the Judoon;SJA_3
SJA_3_2;The Mad Woman in the Attic;SJA_3
SJA_3_3;The Wedding of Sarah Jane Smith;SJA_3
SJA_3_4;The Eternity Trap;SJA_3
SJA_3_5;Mona Lisa's Revenge;SJA_3
SJA_3_6;The Gift;SJA_3
SJA_4_1;The Nightmare Man;SJA_4
SJA_4_2;The Vault of Secrets;SJA_4
SJA_4_3;Death of the Doctor;SJA_4
SJA_4_4;The Empty Planet;SJA_4
SJA_4_5;Lost in Time;SJA_4
SJA_4_6;Goodbye, Sarah Jane Smith;SJA_4
SJA_5_1;Sky;SJA_5
SJA_5_2;The Curse of Clyde Langer;SJA_5
SJA_5_3;The Man Who Never Was;SJA_5
CL_1_1;For Tonight We Might Die;CL_1
CL_1_2;The Coach with the Dragon Tattoo;CL_1
CL_1_3;Nightvisiting;CL_1
CL_1_4;Co-Owner of a Lonely Heart (1);CL_1
CL_1_5;Brave-ish Heart (2);CL_1
CL_1_6;Detained;CL_1
CL_1_7;The Metaphysical Engine, or What Quill Did;CL_1
CL_1_8;The Lost;CL_1
TLV_1_1;The Last Message;TLV_1
TLV_1_2;Daleks!;TLV_1
TLV_1_3;Defender of the Daleks;TLV_1
TLV_1_4;Master Thief, Lesser Evils;TLV_1
TLV_1_5;Echoes of Extinction (Eighth Doctor Side);TLV_1
TLV_1_6;He Kills Me, He Kills Me Not;TLV_1
TLV_1_7;The Enemy of My Enemy;TLV_1
TLV_1_8;The Waters of Mars;TLV_1
TLV_2_1;The Dawn of the Kotturuh;TLV_2
TLV_2_2;River Song's Guide to the Dark Times;TLV_2
TLV_2_3;Monstrous Beauty;TLV_2
TLV_2_4;The Knight, The Fool and The Dead;TLV_2
TLV_2_5;All Flesh is Grass (Part One);TLV_2
TLV_2_6;The Minds of Magnox;TLV_2
TLV_2_7;Tales of the Dark Times;TLV_2
TLV_2_8;Mission to the Known;TLV_2
TLV_2_9;All Flesh is Grass (Part Two);TLV_2
TLV_2_10;Mutually Assured Destruction;TLV_2
TLV_2_11;Exit Strategy;TLV_2
TLV_3_1;The Hollow Planet;TLV_3
TLV_3_2;Genetics of the Daleks;TLV_3
TLV_3_3;A Dalek Awakens;TLV_3
TLV_3_4;The Edge of Time;TLV_3
TLV_3_5;Time Fracture;TLV_3
TLV_3_6;Canaries;TLV_3
TLV_3_7;Echoes of Extinction (Tenth Doctor Side);TLV_3
K9_0_1;A Girl's Best Friend;K9_0
K9_1_1;Regeneration (1);K9_1
K9_1_2;Liberation (2);K9_1
K9_1_3;The Korven (3);K9_1
K9_1_4;The Bounty Hunter;K9_1
K9_1_5;Sirens of Ceres;K9_1
K9_1_6;Fear Itself;K9_1
K9_1_7;The Fall of the House of Gryffen;K9_1
K9_1_8;Jaws of Orthrus;K9_1
K9_1_9;Dream-Eaters;K9_1
K9_1_10;Curse of Anubis;K9_1
K9_1_11;Oroborus;K9_1
K9_1_12;Alien Avatar;K9_1
K9_1_13;Aeolian;K9_1
K9_1_14;The Last Oak Tree;K9_1
K9_1_15;Black Hunger;K9_1
K9_1_16;The Cambridge Spy;K9_1
K9_1_17;Lost Library of Ukko;K9_1
K9_1_18;Mutant Copper;K9_1
K9_1_19;The Custodians;K9_1
K9_1_20;Taphony and the Time Loop;K9_1
K9_1_21;Robot Gladiators;K9_1
K9_1_22;Mind Snap (1);K9_1
K9_1_23;Angel of the North (2);K9_1
K9_1_24;The Last Precinct (3);K9_1
K9_1_25;Hound of the Korven (4);K9_1
K9_1_26;The Eclipse of the Korven (5);K9_1
DK_1_1;The Archive of Islos;DK_1
DK_1_2;The Sentinel of the Fifth Galaxy;DK_1
DK_1_3;Planet of the Mechanoids;DK_1
DK_1_4;The Deadly Ally;DK_1
DK_1_5;Day of Reckoning;DK_1
DD_1_1;Hour 1;DD_1
DD_1_2;Target Selected;DD_1
DD_1_3;The Plastic Population;DD_1
DD_1_4;High Noon in Hollywood;DD_1
DD_1_5;The Horn of a Dilemma;DD_1
DD_1_6;A Doctor in the House? (Part One);DD_1
DD_1_7;A Doctor in the House? (Part Two);DD_1
DD_1_8;AI am the Doctor;DD_1
DD_1_9;Extraction Point;DD_1
DD_1_10;Wrong Place at the Right Time;DD_1
DD_1_11;The Steel Cascade;DD_1
DD_1_12;The Martian Dilemma;DD_1
DD_1_13;An Ood Halloween;DD_1
DD_1_14;Dark Space;DD_1
DD_1_15;Dawn of Everlasting Peace;DD_1
DD_1_16;A Date with Destiny;DD_1
DD_1_17;The Howling Wolves of Xan-Phear;DD_1
DD_1_18;The Crowd;DD_1
DD_1_19;Out of Time;DD_1
